Allow Google and their technology partners to collect data and use cookies for ad personalisation and measurement.																									
																									
Hide Companies																									
On																									
COMPANY																									
1&1																									
2KDirect Inc.	Privacy Policy																								
33Across																									
Amazon	Privacy Policy																								
Accordant																									
Accuen																									
Acuityads	Privacy Policy																								
LiveRamp	Privacy Policy																								
ad pepper																									
Adara Media	Privacy Policy																								
Adform	Privacy Policy																								
AdGenie																									
AdJuggler																									
AdKeeper																									
AdLantic																									
Adloox	Privacy Policy																								
AdMotion																									
Digilant	Privacy Policy																								
adnologies																									
Adperium	Privacy Policy																								
AdPredictive	Privacy Policy																								
Adriver	Privacy Policy																								
Integral Ad Science	Privacy Policy																								
AdSame																									
ADSOVO																									
Adtelligence	Privacy Policy																								
Adverline	Privacy Policy																								
Artsai	Privacy Policy																								
comScore	Privacy Policy																								
adyard																									
Affec.tv																									
affilinet	Privacy Policy																								
Akamai	Privacy Policy																								
Alenty																									
Amnet																									
AppNexus	Privacy Policy																								
Aranet (Adfusion)																									
Arbigo Inc.	Privacy Policy																								
ARC Media																									
AdSpirit AdServer	Privacy Policy																								
Taboola	Privacy Policy																								
Facebook	Privacy Policy																								
AudienceScience																									
Aunica	Privacy Policy																								
Avazu																									
BeWebMedia																									
AdGear																									
blurbIQ																									
Booking.com	Privacy Policy																								
Brand.net																									
Brandscreen																									
Broadband Enterprises																									
direct interactive	Privacy Policy																								
Burst Media																									
netAFFILIATION																									
C3 Metrics	Privacy Policy																								
CapitalData	Privacy Policy																								
E-Planning	Privacy Policy																								
Index Exchange	Privacy Policy																								
Chango																									
Chartbeat																									
Chitika	Privacy Policy																								
Choicestream Inc.																									
Platform161	Privacy Policy																								
ClickForce	Privacy Policy																								
Clickpoint	Privacy Policy																								
CDK Global																									
Cognitive Match																									
Collective																									
Connexity	Privacy Policy																								
Constant Contact	Privacy Policy																								
Conversive	Privacy Policy																								
IBM	Privacy Policy																								
Cossette																									
Crimtan	Privacy Policy																								
Criteo	Privacy Policy																								
DAC	Privacy Policy																								
DataXu	Privacy Policy																								
PulsePoint	Privacy Policy																								
Dedicated Media																									
Delta Projects	Privacy Policy																								
Demandbase	Privacy Policy																								
Digitize	Privacy Policy																								
DoublePositive																									
DoubleVerify	Privacy Policy																								
DynamicVideo																									
eBay	Privacy Policy																								
EchoSearch																									
Effective Measure																									
Effinity	Privacy Policy																								
Emediate																									
engageBDR	Privacy Policy																								
Eulerian Technologies	Privacy Policy																								
Evidon	Privacy Policy																								
explido (Action Allocator)																									
Eyereturn Marketing	Privacy Policy																								
Eyeview																									
Facilitate Digital																									
eBay Enterprise																									
Flashtalking	Privacy Policy																								
Flite																									
Forbes	Privacy Policy																								
FreakOut																									
FreeWheel	Privacy Policy																								
Fringe81	Privacy Policy																								
Fusebox																									
Gemius	Privacy Policy																								
Gigya																									
Global Market Insite (GMI) / Global Test Market																									
Goodway Group	Privacy Policy																								
Google	Privacy Policy																								
GroovinAds	Privacy Policy																								
Adacado	Privacy Policy																								
Hi-Media																									
HQ GmbH	Privacy Policy																								
hurra.com	Privacy Policy																								
iClick																									
iCrossing	Privacy Policy																								
Impact Engine																									
Indaco																									
Infectious Media	Privacy Policy																								
Innity	Privacy Policy																								
intelliAd	Privacy Policy																								
Intergi	Privacy Policy																								
Interpolls	Privacy Policy																								
Intelligent Reach																									
IPONWEB	Privacy Policy																								
iProspect	Privacy Policy																								
Jivox	Privacy Policy																								
King.com																									
KliKKi																									
Komli																									
J.D. Power																									
Kwanzoo	Privacy Policy																								
Linkstorm	Privacy Policy																								
Lotame	Privacy Policy																								
LucidMedia																									
Magnetic																									
Mate1																									
Matiro																									
Mobfox	Privacy Policy																								
MaxPoint Interactive																									
Media Armor																									
MiQ	Privacy Policy																								
Dstillery	Privacy Policy																								
MediaMath	Privacy Policy																								
Sizmek	Privacy Policy																								
Conversant/CJ Affiliate	Privacy Policy																								
DMA Institute	Privacy Policy																								
Mercado Libre																									
Merchenta																									
Metalyzer	Privacy Policy																								
ZMS	Privacy Policy																								
Microsoft	Privacy Policy																								
Mixpo	Privacy Policy																								
Monster.com																									
Napster Luxemburg																									
Neckermann																									
Neodata Group	Privacy Policy																								
Netbooster																									
Ignition One	Privacy Policy																								
Netseer																									
Relay42	Privacy Policy																								
Next Audience GmbH																									
Wize Commerce	Privacy Policy																								
Nielsen	Privacy Policy																								
GfK	Privacy Policy																								
Ocapi																									
OP Interactive (OPI)																									
Ohana Media																									
Omnibus Network																									
Adobe Advertising Cloud	Privacy Policy																								
OpenX Technologies	Privacy Policy																								
OpenSlate	Privacy Policy																								
OwnerIQ Inc.																									
OxaMedia																									
Thunder	Privacy Policy																								
Parship	Privacy Policy																								
Pauldirekt																									
Pilot																									
Piximedia	Privacy Policy																								
PlatformOne	Privacy Policy																								
Pointroll																									
PopRule	Privacy Policy																								
Predicta																									
Proclivity																									
TimeOne	Privacy Policy																								
Pulpo (An Entravision Company)	Privacy Policy																								
Pulse360																									
Viewbix	Privacy Policy																								
Quantcast	Privacy Policy																								
QuinStreet																									
Qwobl																									
R-Advertising.com																									
Recruit JP	Privacy Policy																								
Core Audience																									
Register.it																									
Relevad																									
Phoenix Marketing International																									
RN SSI Group	Privacy Policy																								
Resonate	Privacy Policy																								
Rich Relevance																									
SUITE 66	Privacy Policy																								
Sales Spider																									
adnanny.com	Privacy Policy																								
Scigineer	Privacy Policy																								
AdRoll	Privacy Policy																								
AdExtent																									
Mediahead	Privacy Policy																								
ShareThis																									
Simpli.fi	Privacy Policy																								
Centro	Privacy Policy																								
Smart	Privacy Policy																								
smartclip Holding AG	Privacy Policy																								
So-net Media Networks	Privacy Policy																								
SocialMedia																									
Content to Emotion (CTE)																									
Sociomantic	Privacy Policy																								
Sojern	Privacy Policy																								
mBuy																									
Sophus3																									
Spartoo	Privacy Policy																								
Specific Media Inc.																									
Spider.io																									
SpotX	Privacy Policy																								
Encore Metrics																									
Steel House Inc.																									
Strike Ad																									
Struq																									
SundaySky																									
Taobao																									
Teadma																									
Telemetry																									
TellApart																									
The Trade Desk	Privacy Policy																								
Travelers																									
Videology	Privacy Policy																								
TrackingSoft																									
Tradedoubler AB	Privacy Policy																								
TMP																									
TravelClick	Privacy Policy																								
Exponential	Privacy Policy																								
Triggit Inc.																									
TrustArc	Privacy Policy																								
TruEffect	Privacy Policy																								
Twelvefold Media																									
Altum	Privacy Policy																								
Underdog Media	Privacy Policy																								
Undertone	Privacy Policy																								
UniQlick																									
United Virtualities																									
Unruly Group Limited	Privacy Policy																								
up-value																									
VideoHub																									
Vizury	Privacy Policy																								
Markit	Privacy Policy																								
WebMetro																									
Webmoblink Inc.																									
Weborama	Privacy Policy																								
Wisemedia																									
Net Edge																									
emetriq	Privacy Policy																								
Travel Data Collective	Privacy Policy																								
YoYi Interactive CN																									
YuMe Inc.																									
Zamplus																									
Ziff Davis																									
CyberAgent	Privacy Policy																								
AdHui																									
ScaleOut																									
Avail Intelligence																									
DaVinci11	Privacy Policy																								
顶新	Privacy Policy																								
ebookers																									
Mashero	Privacy Policy																								
4WMarketPlace Srl																									
Betgenius	Privacy Policy																								
DataPoint Media																									
advolution.control	Privacy Policy																								
Exactag	Privacy Policy																								
MicroAd	Privacy Policy																								
OneSpot																									
PlatformID																									
Virgin Media																									
Webgains	Privacy Policy																								
Zanox	Privacy Policy																								
ZEDO																									
AT Internet	Privacy Policy																								
Innovid	Privacy Policy																								
Meetrics	Privacy Policy																								
Miaozhen Systems	Privacy Policy																								
nugg.ad	Privacy Policy																								
Shirtnator																									
Commanders Act	Privacy Policy																								
KCCS																									
LifeStreet	Privacy Policy																								
Ad Chakra																									
VMM																									
iPinYou																									
meetic-corp.com																									
Tradelab	Privacy Policy																								
AdLedge	Privacy Policy																								
Beijing LangTaoJin Interactive																									
MainADV	Privacy Policy																								
Mediarithmics	Privacy Policy																								
Mojiva																									
Adadyn	Privacy Policy																								
Populis																									
RevenueMantra	Privacy Policy																								
Unister																									
ETARGET	Privacy Policy																								
DataLab USA																									
Melt DSP	Privacy Policy																								
EASYmedia	Privacy Policy																								
LiveIntent	Privacy Policy																								
Rakuten Marketing	Privacy Policy																								
AdRepublic																									
Reamp	Privacy Policy																								
Mediatropy																									
Emerse	Privacy Policy																								
Zebestof	Privacy Policy																								
AdMaster/LnData	Privacy Policy																								
Trend Research	Privacy Policy																								
Canned Banners																									
The Reach Group	Privacy Policy																								
Ensighten	Privacy Policy																								
econda GmbH	Privacy Policy																								
Yusp	Privacy Policy																								
ProjectSunBlock																									
Dominos UK																									
AdMaxim	Privacy Policy																								
d3sv	Privacy Policy																								
Quantone																									
LivelyImpact	Privacy Policy																								
AdSage Wuxi Mobile Advertising Co Ltd																									
Simplytics Limited																									
Alliance Health Networks	Privacy Policy																								
Bigpoint																									
Mirapodo GmbH																									
Emar Ebox																									
Arth Salutions																									
Verve	Privacy Policy																								
OneScreen																									
Indie Global (Indie Ads)																									
Mjoys																									
Phluant																									
Retailigence																									
Batch Media	Privacy Policy																								
AdElement	Privacy Policy																								
Belboon	Privacy Policy																								
Mass Motion Media																									
NFQ																									
QuarticON	Privacy Policy																								
Speed Shift Media	Privacy Policy																								
TLV Media																									
TraceAd	Privacy Policy																								
Videostrip																									
Twenga																									
CCB Paris																									
YouDao																									
Novem	Privacy Policy																								
Menlo Technologies																									
adTarget.me	Privacy Policy																								
advanced STORE GmbH	Privacy Policy																								
TripleLift	Privacy Policy																								
CrowdTwist																									
Adzerk	Privacy Policy																								
AdMagnet	Privacy Policy																								
Momondo																									
AdS!t																									
GDM Services	Privacy Policy																								
MdotM	Privacy Policy																								
Adfonic																									
TAGGY Inc																									
Paypal																									
eTargeting																									
One97																									
Adlabs																									
Cogo Labs																									
Shopall																									
Semasio GmbH	Privacy Policy																								
Hubrus																									
Silver Egg Technology	Privacy Policy																								
Kavanga																									
Vodafone GmbH	Privacy Policy																								
Qubit																									
Tinkoff.ru	Privacy Policy																								
madvertise																									
Celtra	Privacy Policy																								
ECRITEL																									
AudienceProject	Privacy Policy																								
Gloto																									
Netshelter Technology Media	Privacy Policy																								
GPM-Digital																									
adverServe																									
Adscale GmbH																									
KPI Solutions	Privacy Policy																								
Agency.com																									
Bedrijvenweb																									
CacheFly																									
EdgeCast																									
Adfrontier																									
Tapstream																									
Moolah Media																									
BrightCove																									
Experian																									
Disqus																									
Namecheap																									
Polldaddy	Privacy Policy																								
Outbrain Inc.	Privacy Policy																								
MaxCDN	Privacy Policy																								
PubMatic	Privacy Policy																								
Rubicon Project	Privacy Policy																								
Wordpress Stats																									
Twitter																									
Addoor																									
Yandex	Privacy Policy																								
Rutarget	Privacy Policy																								
Adblade	Privacy Policy																								
Lockerz																									
MediaGlu																									
Singular Labs Inc.	Privacy Policy																								
Neustar	Privacy Policy																								
Scenestealer	Privacy Policy																								
Affinity																									
Netquest	Privacy Policy																								
mediasmart	Privacy Policy																								
Mixmarket Affiliate Network	Privacy Policy																								
Turbobytes	Privacy Policy																								
VoodooVideo																									
AGrant CN																									
ORTEC | adscience	Privacy Policy																								
Blismedia	Privacy Policy																								
MobileFuse																									
Limelight																									
Mail.ru	Privacy Policy																								
InOwnWorld																									
Adelphic Inc.																									
Lincoln Technical Institute																									
SMARTSTREAM	Privacy Policy																								
PropellerADs																									
Reklamport																									
CityAds																									
Barons Media																									
apprupt																									
activecore	Privacy Policy																								
Compete																									
Walmart	Privacy Policy																								
Priceline																									
Manage.com	Privacy Policy																								
BEHE																									
Cloudflare	Privacy Policy																								
Millennial Media																									
Brainworkz	Privacy Policy																								
FUSIO BY S4M	Privacy Policy																								
Tizerbank																									
Weather.com																									
TROVIT	Privacy Policy																								
Meteora																									
Madison Logic																									
IZP Technologies																									
AlgorithMedia S.r.l.																									
Tencent																									
coUNDco																									
Salesforce DMP	Privacy Policy																								
Scoota	Privacy Policy																								
ShopLocal																									
LendGo & Innovative Metrics	Privacy Policy																								
Tap Value																									
Meteor Worldwide LLC.																									
DAC Beijing																									
Audience2Media	Privacy Policy																								
!NOOB																									
Tagtoo	Privacy Policy																								
Mocean mobile	Privacy Policy																								
OSV Online (Axilaris technology)																									
Addroid	Privacy Policy																								
Advertstream																									
Inmind	Privacy Policy																								
Yakuba																									
Bridgewell	Privacy Policy																								
Bidtheatre	Privacy Policy																								
Admoment																									
Resolution Media	Privacy Policy																								
Pixalate	Privacy Policy																								
InMobi	Privacy Policy																								
Crisp Media Inc.																									
Adcloud																									
ReachLocal																									
YOC Performance Network																									
Placester																									
Spiceworks																									
Orange Advertising	Privacy Policy																								
Advanse	Privacy Policy																								
WapStart																									
Epayments																									
Audiencevalue	Privacy Policy																								
United (Bypass)																									
Adinfinity																									
Media.net	Privacy Policy																								
Alliance																									
Havas Media France - DBi	Privacy Policy																								
Extreme Reach	Privacy Policy																								
Netflix	Privacy Policy																								
Scarab Research Kft																									
CrowdMob																									
PocketMath																									
Macromill group	Privacy Policy																								
numberly	Privacy Policy																								
Webssup																									
GetIntent	Privacy Policy																								
SoftLayer																									
Velti																									
DYNADMIC	Privacy Policy																								
YRGLM Inc.	Privacy Policy																								
Trafmag	Privacy Policy																								
Pagewoo																									
Ligatus	Privacy Policy																								
Adnet																									
AdClear	Privacy Policy																								
Kantar	Privacy Policy																								
Interworks																									
PubSquared (Das Media)																									
Baidu																									
travel audience – An Amadeus Company	Privacy Policy																								
Social Quantum	Privacy Policy																								
Adventori	Privacy Policy																								
MindTake Research	Privacy Policy																								
CoAdvertise	Privacy Policy																								
Leger Web																									
Double6																									
iMarker																									
TRADEADS																									
Epigrams																									
AdMovate	Privacy Policy																								
Adcash	Privacy Policy																								
hybrid.ai	Privacy Policy																								
ebuilders	Privacy Policy																								
Voopter																									
Hostbasket																									
Rollad																									
Blizzard																									
AdGibbon BV	Privacy Policy																								
TriVu																									
Wider Planet	Privacy Policy																								
Adtoox	Privacy Policy																								
Février 46 SAS (Kpsule)																									
GO.PL	Privacy Policy																								
MediaCrossing Inc.																									
AppLovin Corp.	Privacy Policy																								
twentysix ltd																									
EuroAds Group A/S																									
SourceKnowledge	Privacy Policy																								
ClickCertain																									
SOL UTD Benelux BV																									
MobPartner																									
M	Privacy Policy																								
MBR Targeting Gmbh	Privacy Policy																								
Awin	Privacy Policy																								
DXPMedia	Privacy Policy																								
Way2traffic																									
Videoplaza																									
3xchange/Hunkal																									
EMX Digital	Privacy Policy																								
WebHue																									
Liquidus Marketing	Privacy Policy																								
AudienceFuel Inc																									
ADman Media	Privacy Policy																								
TapCommerce																									
AdTheorent	Privacy Policy																								
Nano Interactive	Privacy Policy																								
CrossInstall	Privacy Policy																								
momentM																									
Theorem inc																									
KeyVersion																									
Lijing	Privacy Policy																								
Immedium																									
OVC GmbH	Privacy Policy																								
Mobpro	Privacy Policy																								
Smartketer LLC	Privacy Policy																								
Fractional Media	Privacy Policy																								
Nanigans	Privacy Policy																								
Adsniper	Privacy Policy																								
Vorwerk																									
Hotwords																									
12 Mnkys																									
Spacyz																									
EPlus Base																									
FullSpeed	Privacy Policy																								
Madhouse																									
Airpush	Privacy Policy																								
EDMC																									
Screen6 (s6.io)																									
LINK Institut	Privacy Policy																								
TIQIQ																									
Ibibo Ads																									
Justad																									
Appier	Privacy Policy																								
Sparks47	Privacy Policy																								
Teufel																									
Aitarget																									
Rackspace	Privacy Policy																								
MediaWallah	Privacy Policy																								
ENGAGE LAB LTD.																									
Signal	Privacy Policy																								
Motrixi Media Group																									
Liftoff	Privacy Policy																								
eTracker																									
MezzoMedia																									
Eyeota																									
Beijing PageChoice Network Technology co.	Privacy Policy																								
qiguan																									
Catalog Spree																									
RTB Baltic																									
Eprofessional GmbH																									
DataArtist																									
YDigital Media	Privacy Policy																								
Zentrick	Privacy Policy																								
FreeBit																									
DENNOO																									
Adbrain																									
MSI-ACI	Privacy Policy																								
Arrivalist	Privacy Policy																								
Kimia Group	Privacy Policy																								
ZypMedia	Privacy Policy																								
where2getit																									
Zhiziyun	Privacy Policy																								
Rockerbox	Privacy Policy																								
Sharethrough	Privacy Policy																								
Automobile Ltd.																									
BigMobile																									
Competion Investments Ltd (Legal Entity)																									
Guangzhou Shunfei Infomation Technology Corporatio																									
AdNear Pte. Ltd.																									
Channel Factory																									
firststars	Privacy Policy																								
adhood	Privacy Policy																								
Flaminem																									
Go2mobi																									
Localsensor	Privacy Policy																								
Clickky																									
White Ops	Privacy Policy																								
Vserv	Privacy Policy																								
Auto360 Pty Ltd																									
Admetrics	Privacy Policy																								
Telstra																									
Chocolate Platform	Privacy Policy																								
Amobee	Privacy Policy																								
RTB House	Privacy Policy																								
Tango																									
Datalicious	Privacy Policy																								
Intent Media																									
Zhejiang MediaAdx Network Technology Co.	Privacy Policy																								
Harris Interactive																									
BuzzCity																									
LLC Sputnyx	Privacy Policy																								
Spark Networks USA	Privacy Policy																								
Ezakus																									
hbfsTech	Privacy Policy																								
Kupona	Privacy Policy																								
Exebid/Facetz																									
Bannerflow	Privacy Policy																								
Exposebox	Privacy Policy																								
BuySellAds	Privacy Policy																								
YOOSE	Privacy Policy																								
AdYapper																									
Spark Flow	Privacy Policy																								
TripAdvisor	Privacy Policy																								
DataExchanger	Privacy Policy																								
AudienceRate	Privacy Policy																								
Navegg	Privacy Policy																								
Tui																									
Cinarra																									
INFOnline	Privacy Policy																								
Admedo	Privacy Policy																								
Ströer Mobile Media																									
Taptica	Privacy Policy																								
Joystick Interactive	Privacy Policy																								
[24]7.ai (successor to EngageClick)	Privacy Policy																								
GeeeN																									
virool																									
FlxOne																									
Simplaex GmBH	Privacy Policy																								
RevTrax																									
Samba TV	Privacy Policy																								
Kochava	Privacy Policy																								
Bidlab																									
Maverick	Privacy Policy																								
Thirdpresence Ltd																									
Appreciate	Privacy Policy																								
rtb-media																									
FuelX	Privacy Policy																								
Yashi																									
LeadBolt	Privacy Policy																								
Adviator																									
Logly																									
ucfunnel	Privacy Policy																								
Rebelmouse																									
Interpublic Group	Privacy Policy																								
abilicom	Privacy Policy																								
Acens																									
Ritorno																									
Wish	Privacy Policy																								
PlannTo																									
Admixer	Privacy Policy																								
Tele2																									
99click																									
Media Desk																									
Placecast	Privacy Policy																								
iResearch																									
Mobitrans	Privacy Policy																								
Smadex	Privacy Policy																								
Mobusi	Privacy Policy																								
Adserverpub (Commercial Name)																									
Domob																									
onAd																									
Suzumuchi	Privacy Policy																								
LOKA Research	Privacy Policy																								
Cloud Technologies	Privacy Policy																								
Addictive Mobility	Privacy Policy																								
A6 Corp																									
Kayzen	Privacy Policy																								
IGAWorks	Privacy Policy																								
Aidata	Privacy Policy																								
Plan Blue Ltd																									
OneDigitalAd Technologies	Privacy Policy																								
Teads	Privacy Policy																								
Wishabi																									
AMoAd																									
MediaDecision																									
Sogou																									
ADJUST																									
Unitymedia	Privacy Policy																								
Perfect Audience	Privacy Policy																								
Tian Jing eMar Technology Co.	Privacy Policy																								
Clickagy	Privacy Policy																								
GlobalWebIndex	Privacy Policy																								
Dynamic Yield	Privacy Policy																								
ADEX	Privacy Policy																								
GroundTruth	Privacy Policy																								
Rontar	Privacy Policy																								
YOptima	Privacy Policy																								
Torrential																									
tukmob																									
Placed	Privacy Policy																								
Answer Media	Privacy Policy																								
LoopMe	Privacy Policy																								
Impact	Privacy Policy																								
SKYTOUCH																									
Dell Inc.																									
Kwanko	Privacy Policy																								
Bidtellect	Privacy Policy																								
Mocoplex Inc.																									
RECRUIT Communication	Privacy Policy																								
Gruvi	Privacy Policy																								
Native Match																									
APNIC	Privacy Policy																								
Dun and Bradstreet Corporation																									
Spotad	Privacy Policy																								
UpToLike																									
Mobile360																									
Jampp	Privacy Policy																								
Gravity4 Inc.																									
Aarki	Privacy Policy																								
Pixnet																									
Zapp 360																									
Takoomi	Privacy Policy																								
VideoAmp																									
Bilendi	Privacy Policy																								
Hitokuse																									
MGID Inc.	Privacy Policy																								
AreaOne																									
F@N communications	Privacy Policy																								
Universo Online	Privacy Policy																								
Remerge	Privacy Policy																								
Audience Trading Platform																									
Whisla																									
Telecoming	Privacy Policy																								
Sparta LTD																									
Bridgevine																									
LinkedIn	Privacy Policy																								
VIVALU	Privacy Policy																								
StackAdapt	Privacy Policy																								
ADQ																									
PaeDae	Privacy Policy																								
Turbo	Privacy Policy																								
Foursquare	Privacy Policy																								
Glossom																									
Tender Industries																									
Byside																									
Sentrant Security																									
Webling Pty Ltd																									
Mozoo	Privacy Policy																								
Momentum	Privacy Policy																								
usemax (Emego GmbH)	Privacy Policy																								
Housing.com	Privacy Policy																								
SALMAT DATA SOLUTIONS PTY LIMITED																									
Avocet	Privacy Policy																								
Auction.com																									
Interrogare GmbH	Privacy Policy																								
ChannelAdvisor	Privacy Policy																								
GoBID	Privacy Policy																								
TF1 - FR	Privacy Policy																								
Bonzai	Privacy Policy																								
Clickonometrics	Privacy Policy																								
Adventive	Privacy Policy																								
Turner Sports Interactive	Privacy Policy																								
TMP																									
KAIZEN platform Inc.																									
Beeswax	Privacy Policy																								
Optimise	Privacy Policy																								
BannerPlay																									
AKTYVUS SEKTORIUS	Privacy Policy																								
AdsYolo Media	Privacy Policy																								
Mobad																									
Demand Side Science	Privacy Policy																								
SFR	Privacy Policy																								
Wizaly	Privacy Policy																								
Rtbstar LLC																									
TAPTAP	Privacy Policy																								
Cablato	Privacy Policy																								
Erate	Privacy Policy																								
Norstat	Privacy Policy																								
Knorex	Privacy Policy																								
Spritz																									
Wix	Privacy Policy																								
Waystack	Privacy Policy																								
PERMODO	Privacy Policy																								
Plusing interactive co.	Privacy Policy																								
Clinch	Privacy Policy																								
Tamome																									
Mobile Innovations	Privacy Policy																								
Epic Combo	Privacy Policy																								
Adcade																									
RevJet	Privacy Policy																								
GET IT Mobile																									
Lucid	Privacy Policy																								
Shanghai DigitalMatrix Information Technology Co.	Privacy Policy																								
Asda (CDN)																									
Tealium	Privacy Policy																								
Geniee	Privacy Policy																								
Vpon	Privacy Policy																								
MiMTiD																									
Moloco Ads	Privacy Policy																								
Realzeit	Privacy Policy																								
Alkemics	Privacy Policy																								
Sodel Software Solutions Pvt. Ltd.	Privacy Policy																								
KuaiziTech																									
Salefinder Ltd.																									
Adluxe																									
NinthDecimal	Privacy Policy																								
RichMedia Studio	Privacy Policy																								
TenMax	Privacy Policy																								
twiago	Privacy Policy																								
Quixey																									
Ad Dynamo International (Pty) Ltd																									
Media Forum																									
TreSensa	Privacy Policy																								
Adludio	Privacy Policy																								
JD																									
LotLinx®	Privacy Policy																								
F Sharp	Privacy Policy																								
A1platform	Privacy Policy																								
Qantas	Privacy Policy																								
KEEN	Privacy Policy																								
Major League Baseball																									
Decisively	Privacy Policy																								
ResponsiveAds																									
In-Page Group																									
Gridsum	Privacy Policy																								
Shopping Network																									
ADmantX																									
Tapjoy	Privacy Policy																								
AdotMob	Privacy Policy																								
Bigabid	Privacy Policy																								
MauDau																									
C1X Inc																									
Vitro Agency																									
Fraudlogix	Privacy Policy																								
Autobytel																									
Aimeesoft																									
The Monkeys																									
Azameo	Privacy Policy																								
Fospha	Privacy Policy																								
Ad2iction																									
UberMedia																									
DTS	Privacy Policy																								
Ingenious Technologies	Privacy Policy																								
Sonicmoov																									
GAMNED	Privacy Policy																								
Bonadza																									
Axis-Shift																									
AerisWeather LLC																									
Dein Deal																									
Fugumobile																									
Localstars	Privacy Policy																								
ADMICRO																									
Cellcom																									
Phluidmedia																									
Roy Morgan Research	Privacy Policy																								
Market Points	Privacy Policy																								
Kadam	Privacy Policy																								
Adbalancer	Privacy Policy																								
JW Player	Privacy Policy																								
Enbritely	Privacy Policy																								
Adiquity																									
StreamRail	Privacy Policy																								
Smart Digital GmbH																									
Auditorius																									
Hindustan Times Mobile Solutions Limited																									
Treepodia	Privacy Policy																								
Adamatic																									
Web2ROI																									
RhythmOne LLC	Privacy Policy																								
Cardlytics																									
Bucksense	Privacy Policy																								
MyFonts																									
Bluecore	Privacy Policy																								
EverQuote	Privacy Policy																								
EverString Technology																									
Optimize LCC D.B.A Genius Monkey	Privacy Policy																								
Axonix																									
Ubimo	Privacy Policy																								
gskinner	Privacy Policy																								
PlaceIQ																									
TEEMO	Privacy Policy																								
OTTO	Privacy Policy																								
ADirects																									
YieldBids																									
AdBasis																									
YCmedia																									
tapCLIQ	Privacy Policy																								
ADBOX	Privacy Policy																								
webtype.com																									
Aditor																									
Addwish																									
AIDO	Privacy Policy																								
Herolens	Privacy Policy																								
Hatena Co.	Privacy Policy																								
Fuisz Media	Privacy Policy																								
Splicky	Privacy Policy																								
Crutchfield	Privacy Policy																								
RTBooster																									
Chalk Digital	Privacy Policy																								
MINIMOB	Privacy Policy																								
Bizible	Privacy Policy																								
Ally Financial																									
AIAd Ltd.																									
Vidazoo	Privacy Policy																								
Oxford BioChronometrics	Privacy Policy																								
SGN																									
Neural.ONE	Privacy Policy																								
Laserlike																									
AdTile	Privacy Policy																								
McCann																									
Protected Media	Privacy Policy																								
Fetchad																									
Crucial Interactive Inc.	Privacy Policy																								
DeltaX	Privacy Policy																								
jQuery																									
Somo Audience	Privacy Policy																								
Distribute Travel	Privacy Policy																								
Art of Click	Privacy Policy																								
Adways SAS	Privacy Policy																								
Quantasy	Privacy Policy																								
ENVISIONX LTD	Privacy Policy																								
Fortis IT Consulting																									
Wavenet	Privacy Policy																								
Micro Cube Digital Limited																									
CarGurus																									
Telogical																									
twyn	Privacy Policy																								
Marchex	Privacy Policy																								
SmartyAds LLP																									
Reach150 Social	Privacy Policy																								
Happyfication inc	Privacy Policy																								
Leadmill ApS																									
Roq.ad	Privacy Policy																								
TapHeaven	Privacy Policy																								
AdKernel	Privacy Policy																								
Adello	Privacy Policy																								
Uprise Technologies																									
Parsec Media Inc	Privacy Policy																								
Pengtai Interactive Advertising Co.Ltd																									
GeoLogic																									
Tribes Research	Privacy Policy																								
44 Interactive																									
KeyCDN	Privacy Policy																								
Shopalyst																									
Nuviad																									
DTAC Thailand																									
TACTIC™ Real-Time Marketing	Privacy Policy																								
Mobilewalla																									
Aedgency	Privacy Policy																								
AdTriba	Privacy Policy																								
Monotype Imaging	Privacy Policy																								
MEDIAN	Privacy Policy																								
Hostelworld.com Limited																									
DISH																									
jsdelivr																									
Adssets	Privacy Policy																								
Sellpoints	Privacy Policy																								
Opera Mediaworks																									
HockeyCurve	Privacy Policy																								
Umeng Plus Beijing Technology Limited Company	Privacy Policy																								
AdTrader	Privacy Policy																								
Survata	Privacy Policy																								
JustWatch	Privacy Policy																								
Video Research Interactive	Privacy Policy																								
Unisport	Privacy Policy																								
Softcube	Privacy Policy																								
ZMAGS																									
BitsNGo																									
NEXD	Privacy Policy																								
Cinarra																									
Inspired Mobile	Privacy Policy																								
MotoMiner																									
CUBED	Privacy Policy																								
Statiq																									
DistroScale	Privacy Policy																								
Tagular																									
Cheq	Privacy Policy																								
JUICE Mobile																									
Augur																									
Seracast																									
AerServ	Privacy Policy																								
Tokopedia																									
Terapeak																									
OpenStreetMap																									
Front Porch																									
Adtelligent Inc.	Privacy Policy																								
MOBIN																									
SpringServe	Privacy Policy																								
Intimate Merger	Privacy Policy																								
INCUBIQ	Privacy Policy																								
Quint Growth Inc.																									
ADSpend																									
ZAPR																									
On Device Research	Privacy Policy																								
1trn	Privacy Policy																								
iBILLBOARD	Privacy Policy																								
Optomaton	Privacy Policy																								
ADXS DMCC																									
PXENE																									
E-Contenta	Privacy Policy																								
Naoplay	Privacy Policy																								
WooTag	Privacy Policy																								
Cint	Privacy Policy																								
Sift Media	Privacy Policy																								
StartApp	Privacy Policy																								
Integral Marketing																									
Adzymic	Privacy Policy																								
Expedia	Privacy Policy																								
DeepIntent	Privacy Policy																								
OmniVirt	Privacy Policy																								
fluct	Privacy Policy																								
Zucks	Privacy Policy																								
Rambler																									
Silence Media																									
Conversion Logic	Privacy Policy																								
CollegeHumor	Privacy Policy																								
Louder	Privacy Policy																								
Zuuvi	Privacy Policy																								
SoftBank																									
ConnectOM																									
Viant	Privacy Policy																								
Skillup Video																									
TabMo	Privacy Policy																								
Anomaly																									
Telaria	Privacy Policy																								
Snitcher.com	Privacy Policy																								
Analights	Privacy Policy																								
ROMIR	Privacy Policy																								
Pi-rate / pubintl	Privacy Policy																								
Dievision Agentur für Kommunikation																									
Ignite Technologies																									
OneSoon Limited																									
Addition Plus	Privacy Policy																								
Karmatech																									
Cauly	Privacy Policy																								
wayve ltd																									
Yengo																									
Dentsu Aegis Network	Privacy Policy																								
INTEGRAL Marktforschung																									
Millemedia	Privacy Policy																								
ProData Media	Privacy Policy																								
Telekom Deutschland GmbH																									
Goldfish Media LLC																									
Smartology	Privacy Policy																								
Haystagg																									
Digital Turbine Media	Privacy Policy																								
Bidease	Privacy Policy																								
Recruit Career																									
22-Visions	Privacy Policy																								
R2Net Inc.																									
Quple	Privacy Policy																								
Foodspring																									
Headway Mexico																									
Stratio Big Data	Privacy Policy																								
RTBiQ Inc.																									
SCIBIDS TECHNOLOGY	Privacy Policy																								
Cortex	Privacy Policy																								
appTV	Privacy Policy																								
ProgSol.cz	Privacy Policy																								
Rezonence	Privacy Policy																								
LKQD	Privacy Policy																								
target value																									
Madington	Privacy Policy																								
MADGIC	Privacy Policy																								
Digiseg	Privacy Policy																								
UNICORN	Privacy Policy																								
GMO AD Marketing																									
Wonderbly	Privacy Policy																								
Bidspeaker																									
YouGov	Privacy Policy																								
SAP																									
Double Check	Privacy Policy																								
Smart.bid ltd	Privacy Policy																								
UAd Exchange																									
RAM	Privacy Policy																								
OneTag	Privacy Policy																								
Air Berlin																									
Fiverr	Privacy Policy																								
Adikteev	Privacy Policy																								
CenterPoint Media																									
Digital Trace																									
Pure Cobalt	Privacy Policy																								
Highwinds																									
App-CM	Privacy Policy																								
Cedato	Privacy Policy																								
National Lottery																									
BET-AT-HOME.COM																									
Realytics	Privacy Policy																								
Twinpine	Privacy Policy																								
Mopedo	Privacy Policy																								
NEORY GmbH	Privacy Policy																								
ViewersLogic LTD																									
Phaistos Networks	Privacy Policy																								
Maelico LTD	Privacy Policy																								
???????????																									
GroundhogTech	Privacy Policy																								
The Big Willow Inc.																									
AudienceTV PTY LTD																									
b34106183_test																									
Netscore	Privacy Policy																								
Chu Technology Limited																									
dbupdate1																									
Ve Interactive	Privacy Policy																								
OpenLedger ApS	Privacy Policy																								
Whichit UK Ltd	Privacy Policy																								
Digital Forest OÜ																									
Atedra	Privacy Policy																								
Isobar																									
Valuepotion Pte. Ltd.																									
Vuble	Privacy Policy																								
adlocal.net	Privacy Policy																								
DServe	Privacy Policy																								
Freckle IoT	Privacy Policy																								
REES46	Privacy Policy																								
ThoughtLeadr	Privacy Policy																								
Adfalcon																									
G-Core Labs																									
Cuebiq	Privacy Policy																								
Haensel AMS	Privacy Policy																								
BitGravity																									
4Info	Privacy Policy																								
KAYAK	Privacy Policy																								
Advmaker	Privacy Policy																								
VRTCAL	Privacy Policy																								
DMC Media - AdX Buyer																									
NativeAds.com	Privacy Policy																								
HomeToGo																									
Square Enix																									
BDSK Handels GmbH & Co. KG	Privacy Policy																								
RIESENIA.com	Privacy Policy																								
Objective Partners	Privacy Policy																								
Airtory	Privacy Policy																								
Frequence																									
SPACE ADSERVER	Privacy Policy																								
Cheetah Mobile	Privacy Policy																								
LLC Asteros Business Service for Beeline Programmatic																									
Spring Venture Group	Privacy Policy																								
Platform360	Privacy Policy																								
Qinggu LLC																									
RED Interactive																									
Onseo	Privacy Policy																								
Iberia																									
EVS																									
Mobvista/Mintegral	Privacy Policy																								
Storygize LLC																									
Alphonso TV																									
Credebat	Privacy Policy																								
Gruuv Interactive	Privacy Policy																								
Supership	Privacy Policy																								
Marketing Science Consulting Group	Privacy Policy																								
Reactive	Privacy Policy																								
Kika Tech																									
DENTSU	Privacy Policy																								
Snap Inc.	Privacy Policy																								
BidMotion	Privacy Policy																								
Dreamajax Technologies Pvt Ltd																									
Essens	Privacy Policy																								
AppsFlyer	Privacy Policy																								
Septeni																									
NetSuccess	Privacy Policy																								
TiWi Digital	Privacy Policy																								
?????? ????																									
Nexus Soft	Privacy Policy																								
Giantmedia	Privacy Policy																								
GP One	Privacy Policy																								
携程旅行网	Privacy Policy																								
IgnitionAI	Privacy Policy																								
Bytedance																									
Parrable	Privacy Policy																								
BannerBuilder	Privacy Policy																								
Instinctive	Privacy Policy																								
Trifecta Retail Ventures Limited																									
Bilintech																									
eMarketingSolutions	Privacy Policy																								
Unmatched Solutions Ltd																									
Eywa Media																									
Native Touch	Privacy Policy																								
Branch	Privacy Policy																								
Bannerwise	Privacy Policy																								
Pathmatics	Privacy Policy																								
N2	Privacy Policy																								
iSpot.tv																									
Net Info	Privacy Policy																								
Adnetic	Privacy Policy																								
LARKPARK SERVICES INC																									
FM Orange County																									
PowerLinks Media Inc.																									
Immersv																									
OpinionAds	Privacy Policy																								
Connatix	Privacy Policy																								
Widespace	Privacy Policy																								
Qualtrics	Privacy Policy																								
Advertserve	Privacy Policy																								
Tremor Video DSP	Privacy Policy																								
adrule	Privacy Policy																								
Kaufda	Privacy Policy																								
Touch Ads	Privacy Policy																								
Leadcapital Corp																									
Softcrylic	Privacy Policy																								
Traffex LLC																									
INFINIA	Privacy Policy																								
Delta Air Lines	Privacy Policy																								
Sape	Privacy Policy																								
AdPlay	Privacy Policy																								
AppGrowth Inc.	Privacy Policy																								
Blueworks	Privacy Policy																								
TEMPEST SERVICOS DE INFORMATICA S.A.																									
Seenthis	Privacy Policy																								
Tapklik	Privacy Policy																								
Vertoz	Privacy Policy																								
Sketchfab	Privacy Policy																								
Taggify Inc.																									
Taiwan Mobile Co Ltd	Privacy Policy																								
Qualia	Privacy Policy																								
Alooma	Privacy Policy																								
北京泛为信息科技有限公司	Privacy Policy																								
ListenLoop	Privacy Policy																								
AntVoice	Privacy Policy																								
Bombora	Privacy Policy																								
Adclouds	Privacy Policy																								
Keymantics	Privacy Policy																								
Display.direct	Privacy Policy																								
Amino Payments	Privacy Policy																								
株式会社VRize																									
Interplus	Privacy Policy																								
Vimeo	Privacy Policy																								
株式会社シロク																									
株式会社スリーアイズ																									
AdRetarget	Privacy Policy																								
Etu Corporation	Privacy Policy																								
LANDS' END	Privacy Policy																								
Persona.ly	Privacy Policy																								
DPG Media BV	Privacy Policy																								
JAM3																									
Lifesight	Privacy Policy																								
Vertriebswerk	Privacy Policy																								
Somplo	Privacy Policy																								
PLR Worldwide Sales Limited																									
Getloyal	Privacy Policy																								
TVadSync	Privacy Policy																								
Capital One																									
X-Social	Privacy Policy																								
Blue	Privacy Policy																								
Clicksco Digital Limited																									
NTT DOCOMO																									
Adnami ApS	Privacy Policy																								
Ogury Ltd	Privacy Policy																								
Improve Digital	Privacy Policy																								
Sovrn	Privacy Policy																								
Vungle	Privacy Policy																								
Smaato	Privacy Policy																								
AdColony	Privacy Policy																								
Pntheon	Privacy Policy																								
Fresh8 Gaming	Privacy Policy																								
Tail	Privacy Policy																								
Fastly	Privacy Policy																								
Heathrow Express																									
Cox and Cox																									
DOMO	Privacy Policy																								
Adjust.com																									
British Airways																									
BannerNow	Privacy Policy																								
Fyber	Privacy Policy																								
TotalJobs Group Ltd	Privacy Policy																								
Nissan.eu																									
Heathrow																									
naketano.de																									
axparis.com																									
IOTEC	Privacy Policy																								
Telegraph																									
Heals.com																									
Nike																									
Visma																									
Loggly																									
One and Only Resorts																									
YieldMo	Privacy Policy																								
NHS																									
Hotels.com L. P.	Privacy Policy																								
Overstock	Privacy Policy																								
Thomann GmbH	Privacy Policy																								
Aedge Performance S.L.	Privacy Policy																								
Combell	Privacy Policy																								
[Deprecated] Do Not Use																									
Virtual Minds	Privacy Policy																								
Oath	Privacy Policy																								
Oracle Data Cloud	Privacy Policy																								
GroupM	Privacy Policy																								
Publicis Media	Privacy Policy																								
Yabbi	Privacy Policy																								
nasmedia																									
Captify	Privacy Policy																								
Datafy	Privacy Policy																								
Swaven	Privacy Policy																								
Hashtag'd	Privacy Policy																								
SAS One Planet Only	Privacy Policy																								
Better Banners	Privacy Policy																								
True Wave Technologies Limited	Privacy Policy																								
Alion	Privacy Policy																								
Sublime Skinz	Privacy Policy																								
Artworx AS	Privacy Policy																								
Dumarca Gaming Ltd	Privacy Policy																								
Justpremium	Privacy Policy																								
Media Lab Limited	Privacy Policy																								
Seedtag	Privacy Policy																								
EFICIENS	Privacy Policy																								
Barometric	Privacy Policy																								
Rippll Ltd	Privacy Policy																								
Affiliate Future	Privacy Policy																								
lead alliance GmbH	Privacy Policy																								
HasOffer - Tune	Privacy Policy																								
Lucidity	Privacy Policy																								
Grabit Interactive	Privacy Policy																								
Journey by CAKE	Privacy Policy																								
zeotap	Privacy Policy																								
LivePartners	Privacy Policy																								
Coastal Digital Group	Privacy Policy																								
Qriously Inc	Privacy Policy																								
Dable																									
FXCM.com	Privacy Policy																								
Instant Ads	Privacy Policy																								
Rambla	Privacy Policy																								
Digital Ad Systems	Privacy Policy																								
Tramplin Media	Privacy Policy																								
EASY Marketing GmbH	Privacy Policy																								
Pexi B.V.	Privacy Policy																								
R.O.EYE Limited	Privacy Policy																								
Milanoo	Privacy Policy																								
Dynamic 1001 GmbH	Privacy Policy																								
Netease News																									
DAPP GLOBAL LIMITED	Privacy Policy																								
Hargreaves Lansdown	Privacy Policy																								
Zoekhelden	Privacy Policy																								
Bauhof Group AS	Privacy Policy																								
Retail Rocket LLC	Privacy Policy																								
congstar	Privacy Policy																								
A Million Ads Limited	Privacy Policy																								
JYSK LINNEN'N FURNITURE OÜ	Privacy Policy																								
Bluesummit	Privacy Policy																								
xCheck	Privacy Policy																								
Butlers GmbH & Co. KG	Privacy Policy																								
ADCELL	Privacy Policy																								
Bose	Privacy Policy																								
PLAYGROUND XYZ	Privacy Policy																								
Throtle	Privacy Policy																								
Snapupp Technologies SL	Privacy Policy																								
Red Cubes Ltd	Privacy Policy																								
Tchibo GmbH	Privacy Policy																								
Astromotion	Privacy Policy																								
HOPLA Ads	Privacy Policy																								
ironSource Mobile	Privacy Policy																								
TogetherData	Privacy Policy																								
NETBET	Privacy Policy																								
ETERNA	Privacy Policy																								
Loopa	Privacy Policy																								
世纪富轩科技发展（北京）有限公司	Privacy Policy																								
Amp.ai by Scaled Inference	Privacy Policy																								
Octaive.com	Privacy Policy																								
Calzedonia	Privacy Policy																								
Uber Technologies Inc.	Privacy Policy																								
modellbau universe GbR	Privacy Policy																								
Medialabs	Privacy Policy																								
Nordisk Film A/S	Privacy Policy																								
Adhese	Privacy Policy																								
Advrtas	Privacy Policy																								
Viewst	Privacy Policy																								
Clickwise	Privacy Policy																								
Critical Mix	Privacy Policy																								
coupling media	Privacy Policy																								
Chartboost	Privacy Policy																								
Admost	Privacy Policy																								
Squeezely	Privacy Policy																								
Good-Loop	Privacy Policy																								
Visarity	Privacy Policy																								
PilotX.tv																									
MediaPal	Privacy Policy																								
Marketing Town	Privacy Policy																								
communicationAds	Privacy Policy																								
BSmartData	Privacy Policy																								
Dianomi	Privacy Policy																								
Adapt Retail - Advertising Platform	Privacy Policy																								
Fastbooking SAS	Privacy Policy																								
Data Plus Math Corporation	Privacy Policy																								
Next Level – Affiliate Marketing	Privacy Policy																								
Movable Ink	Privacy Policy																								
Flexitive	Privacy Policy																								
Divvit AB	Privacy Policy																								
Tuky Data	Privacy Policy																								
Glassdoor	Privacy Policy																								
AdUnity LTD	Privacy Policy																								
YouSee	Privacy Policy																								
Connected-Stories	Privacy Policy																								
OSCARO COM	Privacy Policy																								
Sonobi	Privacy Policy																								
AdLib Digital Limited	Privacy Policy																								
Systemina	Privacy Policy																								
BanterX Inc	Privacy Policy																								
Stream Eye	Privacy Policy																								
Signals Data	Privacy Policy																								
Clipcentric	Privacy Policy																								
Spread Over																									
Beijing Tendcloud Tianxia Technology Co.	Privacy Policy																								
Edge NPD	Privacy Policy																								
Reas Travel Group	Privacy Policy																								
Conrad	Privacy Policy																								
Mintegral	Privacy Policy																								
인라이플(Enliple)																									
geolad GmbH	Privacy Policy																								
Shutterstock	Privacy Policy																								
TheINDUSTRY AG	Privacy Policy																								
Empirasign																									
6Sense Insights	Privacy Policy																								
BounceX	Privacy Policy																								
Maytrics	Privacy Policy																								
Blue Billywig	Privacy Policy																								
Compricer AB	Privacy Policy																								
Plan.Net Performance	Privacy Policy																								
Alphalyr SAS	Privacy Policy																								
CONTXTFUL	Privacy Policy																								
Digital Hub Hannover GmbH	Privacy Policy																								
Human Made Machine Limited	Privacy Policy																								
RETENCY	Privacy Policy																								
MHU	Privacy Policy																								
Vidstart LTD	Privacy Policy																								
AdButler	Privacy Policy																								
Brand Metrics	Privacy Policy																								
Location Sciences	Privacy Policy																								
Carrefour	Privacy Policy																								
BEYOND X	Privacy Policy																								
mobilcom-debitel	Privacy Policy																								
Pubnative	Privacy Policy																								
Rebel AI LLC	Privacy Policy																								
NUROFY AS	Privacy Policy																								
FLYWHEEL	Privacy Policy																								
Data2Decisions	Privacy Policy																								
Colossus																									
FranceTV Publicité	Privacy Policy																								
Kelkoo	Privacy Policy																								
Prodege	Privacy Policy																								
Zirca	Privacy Policy																								
nmd	Privacy Policy																								
Isobar Czech Republic	Privacy Policy																								
SpiderAF	Privacy Policy																								
GumGum	Privacy Policy																								
ADLOOP	Privacy Policy																								
The Pipes	Privacy Policy																								
We Adapt	Privacy Policy																								
Inskin Media	Privacy Policy																								
TrafficGuard	Privacy Policy																								
Sixide	Privacy Policy																								
Dativa	Privacy Policy																								
Dataseat	Privacy Policy																								
Partnerize	Privacy Policy																								
Click2Buy	Privacy Policy																								
VF Visual Fantastix Tanner	Privacy Policy																								
IVO	Privacy Policy																								
Stream	Privacy Policy																								
Read Peak	Privacy Policy																								
Polar	Privacy Policy																								
Channel Four Television Corporation	Privacy Policy																								
Boston Consulting Group	Privacy Policy																								
Go Mobile	Privacy Policy																								
Next	Privacy Policy																								
Sportradar	Privacy Policy																								
LeadsRx	Privacy Policy																								
Method Media Intelligence	Privacy Policy																								
Ubex DSP	Privacy Policy																								
Cavai	Privacy Policy																								
Meazy	Privacy Policy																								
1plusX	Privacy Policy																								
Zeta Global	Privacy Policy																								
Clario	Privacy Policy																								
MarketDSP	Privacy Policy																								
Blockchain4media	Privacy Policy																								
POWSTER	Privacy Policy																								
Adcombi	Privacy Policy																								
Arpeely	Privacy Policy																								
VeleT	Privacy Policy																								
Intent IQ	Privacy Policy																								
mediaintelligence	Privacy Policy																								
FIDUCIA DLT	Privacy Policy																								
Koninklijke Philips N.V.	Privacy Policy																								
Quiet Media	Privacy Policy																								
Lean Digital Media	Privacy Policy																								
The Very Group	Privacy Policy																								
Beintoo	Privacy Policy																								
Nubo LTD	Privacy Policy																								
Oktawave	Privacy Policy																								
Retube Interactive Video	Privacy Policy																								
Coinzilla	Privacy Policy																								
Vital Media	Privacy Policy																								
STEP A/S	Privacy Policy																								
ArkMedia	Privacy Policy																								
Getquanty	Privacy Policy																								
MT-TECHNOLOGIES LLC	Privacy Policy																								
EasyPlatform	Privacy Policy																								
Retargetly	Privacy Policy																								
Illuma Technology	Privacy Policy																								
Arkeero	Privacy Policy																								
Transmit.Live	Privacy Policy																								
Goodeed	Privacy Policy																								
Quintesse	Privacy Policy																								
MMG	Privacy Policy																								
Spirable	Privacy Policy																								
Kwanza DSP	Privacy Policy																								
Flarie	Privacy Policy																								
OTM Worldwide LLC	Privacy Policy																								
Cxense	Privacy Policy																								
Playdigo	Privacy Policy																								
B2BIQ - AdServer	Privacy Policy																								
Dynamo.video																									
																									
																									
																									
																									
																									
																									
																									
																									
																									
																									
																									
																									
																									
																									
																									
																									
																									
																									
																									
																									
																									
																									
																									
																									
																									
																									
																									
																									
																									
																									
																									
																									
																									
																									
																									
																									
																									
																									
																									
																									
																									
																									
																									
																									
																									
																									
																									
																									
																									
																									
																									
																									
																									
																									
																									
																									
																									
																									
																									
																									
																									
																									
																									
																									
																									
																									
																									
																									
																									
																									
																									
																									
																									
																									
																									
																									
																									
																									
																									
																									
																									
																									
																									
																									
																									
																									
																									
																									
																									
																									
																									
																									
																									
																									
																									
																									
																									
																									
																									
																									
																									
																									
																									
																									
																									
																									
																									
																									
																									
																									
																									
																									
																									
																									
																									
																									
																									
																									
																									
																									
																									
																									
																									
																									
																									
																									
																									
																									
																									
																									
																									
																									
																									
																									
																									
																									
																									
																									
																									
																									
																									
																									
																									
																									
																									
																									
																									
																									
																									
																									
																									
																									
																									
																									
																									
																									
																									
																									
																									
																									
																									
																									
																									
																									
																									
																									
																									
																									
																									
																									
																									
																									
																									
																									
																									
																									
																									
																									
																									
																									
																									
																									
																									
																									
																									
																									
																									
																									
																									
																									
																									
																									
																									
																									
																									
																									
																									
																									
																									
																									
																									
																									
																									
																									
																									
																									
																									
																									
																									
																									
																									
																									
																									
																									
																									
																									
																									
																									
																									
																									
																									
																									
																									
																									
																									
																									
																									
																									
																									
																									
																									
																									
																									
																									
																									
																									
																									
																									
																									
																									
																									
																									
																									
																									
																									
																									
																									
																									
																									
																									
																									
																									
																									
																									
																									
																									
																									
																									
																									
																									
																									
																									
																									
																									
																									
																									
																									
																									
																									
																									
																									
																									
																									
																									
																									
																									
																									
																									
																									
																									
																									
																									
																									
																									
																									
																									
																									
																									
																									
																									
																									
																									
																									
																									
																									
																									
																									
																									
																									
																									
																									
																									
																									
																									
																									
																									
																									
																									
																									
																									
																									
																									
																									
																									
																									
																									
																									
																									
																									
																									
																									
																									
																									
																									
																									
																									
																									
																									
																									
																									
																									
																									
																									
																									
																									
																									
																									
																									
																									
																									
																									
																									
																									
																									
																									
																									
																									
																									
																									
																									
																									
																									
																									
																									
																									
																									
																									
																									
																									
																									
																									
																									
																									
																									
																									
																									
																									
																									
																									
																									
																									
																									
																									
																									
																									
																									
																									
																									
																									
																									
																									
																									
																									
																									
																									
																									
																									
																									
																									
																									
																									
																									
																									
																									
																									
																									
																									
																									
																									
																									
																									
																									
																									
																									
																									
																									
																									
																									
																									
																									
																									
																									
																									
																									
																									
																									
																									
																									
																									
																									
																									
																									
																									
																									
																									
																									
																									
																									
																									
																									
																									
																									
																									
																									
																									
																									
																									
																									
																									
																									
																									
																									
																									
																									
																									
																									
																									
																									
																									
																									
																									
																									
																									
																									
																									
																									
																									
																									
																									
																									
																									
																									
																									
																									
																									
																									
																									
																									
																									
																									
																									
																									
																									
																									
																									
																									
																									
																									
																									
																									
																									
																									
																									
																									
																									
																									
																									
																									
																									
																									
																									
																									
																									
																									
																									
																									
																									
																									
																									
																									
																									
																									
																									
																									
																									
																									
																									
																									
																									
																									
																									
																									
																									
																									
																									
																									
																									
																									
																									
																									
																									
																									
																									
																									
																									
																									
																									
																									
																									
																									
																									
																									
																									
																									
																									
																									
																									
																									
																									
																									
																									
																									
																									
																									
																									
																									
																									
																									
																									
																									
																									
																									
																									
																									
																									
																									
																									
																									
																									
																									
																									
																									
																									
																									
																									
																									
																									
																									
																									
																									
																									
																									
																									
																									
																									
																									
																									
																									
																									
																									
																									
																									
																									
																									
																									
																									
																									
																									
																									
																									
																									
																									
																									
																									
																									
																									
																									
																									
																									
																									
																									
																									
																									
																									
																									
																									
																									
																									
																									
																									
																									
																									
																									
																									
																									
																									
																									
																									
																									
																									
																									
																									
																									
																									
																									
																									
																									
																									
																									
																									
																									
																									
																									
																									
																									
																									
																									
																									
																									
																									
																									
																									
																									
																									
																									
																									
																									
																									
																									
																									
																									
																									
																									
																									
																									
																									
																									
																									
																									
																									
																									
																									
																									
																									
																									
																									
																									
																									
																									
																									
																									
																									
																									
																									
																									
																									
																									
																									
																									
																									
																									
																									
																									
																									
																									
																									
																									
																									
																									
																									
																									
																									
																									
																									
																									
																									
																									
																									
																									
																									
																									
																									
																									
																									
																									
																									
																									
																									
																									
																									
																									
																									
																									
																									
																									
																									
																									
																									
																									
																									
																									
																									
																									
																									
																									
																									
																									
																									
																									
																									
																									
																									
																									
																									
																									
																									
																									
																									
																									
																									
																									
																									
																									
																									
																									
																									
																									
																									
																									
																									
																									
																									
																									
																									
																									
																									
																									
																									
																									
																									
																									
																									
																									
																									
																									
																									
																									
																									
																									
																									
																									
																									
																									
																									
																									
																									
																									
																									
																									
																									
																									
																									
																									
																									
																									
																									
																									
																									
																									
																									
																									
																									
																									
																									
																									
																									
																									
																									
																									
																									
																									
																									
																									
																									
																									
																									
																									
																									
																									
																									
																									
																									
																									
																									
																									
																									
																									
																									
																									
																									
																									
																									
																									
																									
																									
																									
																									
																									
																									
																									
																									
																									
																									
																									
																									
																									
																									
																									
																									
																									
																									
																									
																									
																									
																									
																									
																									
																									
																									
																									
																									
																									
																									
																									
																									
																									
																									
																									
																									
																									
																									
																									
																									
																									
																									
																									
																									
																									
																									
																									
																									
																									
																									
																									
																									
																									
																									
																									
																									
																									
																									
																									
																									
																									
																									
																									
																									
																									
																									
																									
																									
																									
																									
																									
																									
																									
																									
																									
																									
																									
																									
																									
																									
																									
																									
																									
																									
																									
																									
																									
																									
																									
																									
																									
																									
																									
																									
																									
																									
																									
																									
																									
																									
																									
																									
																									
																									
																									
																									
																									
																									
																									
																									
																									
																									
																									
																									
																									
																									
																									
																									
																									
																									
																									
																									
																									
																									
																									
																									
																									
																									
																									
																									
																									
																									
																									
																									
																									
																									
																									
																									
																									
																									
																									
																									
																									
																									
																									
																									
																									
																									
																									
																									
																									
																									
																									
																									
																									
																									
																									
																									
																									
																									
																									
																									
																									
																									
																									
																									
																									
																									
																									
																									
																									
																									
																									
																									
																									
																									
																									
